task_id,task_instruction,canonical_query,success_run1,success_run2,success_run3,p_edge
json_2.1.1/valid_unseen/look_at_obj_in_light-AlarmClock-None-DeskLamp-308/trial_T20190908_222933_607649/game.tw-pddl,examine the alarmclock with the desklamp.,examine the alarmclock with the desklamp,1,1,1,1.0
json_2.1.1/valid_unseen/look_at_obj_in_light-Pencil-None-DeskLamp-308/trial_T20190908_220604_010430/game.tw-pddl,examine the pencil with the desklamp.,examine the pencil with the desklamp,0,1,1,0.6666666666666666
json_2.1.1/valid_unseen/pick_and_place_simple-Pencil-None-Shelf-308/trial_T20190908_121952_610012/game.tw-pddl,put a pencil in shelf.,put a pencil in shelf,1,1,1,1.0
json_2.1.1/valid_unseen/pick_two_obj_and_place-Pillow-None-Sofa-219/trial_T20190907_163408_914117/game.tw-pddl,put two pillow in sofa.,put two pillow in sofa,0,0,0,0.0
json_2.1.1/valid_unseen/pick_heat_then_place_in_recep-Cup-None-Cabinet-10/trial_T20190907_083346_800823/game.tw-pddl,put a hot cup in cabinet.,put a hot cup in cabinet,1,1,1,1.0
json_2.1.1/valid_unseen/pick_heat_then_place_in_recep-Egg-None-GarbageCan-10/trial_T20190908_113432_673307/game.tw-pddl,heat some egg and put it in garbagecan.,heat some egg and put it in garbagecan,0,0,0,0.0
json_2.1.1/valid_unseen/pick_and_place_simple-SaltShaker-None-Drawer-10/trial_T20190909_021650_880235/game.tw-pddl,put a saltshaker in drawer.,put a saltshaker in drawer,1,1,1,1.0
json_2.1.1/valid_unseen/pick_and_place_simple-SaltShaker-None-Drawer-10/trial_T20190909_021613_077537/game.tw-pddl,put a saltshaker in drawer.,put a saltshaker in drawer,1,1,1,1.0
json_2.1.1/valid_unseen/pick_and_place_simple-Vase-None-Safe-219/trial_T20190908_205204_244321/game.tw-pddl,put a vase in safe.,put a vase in safe,1,1,1,1.0
json_2.1.1/valid_unseen/pick_cool_then_place_in_recep-Lettuce-None-CounterTop-10/trial_T20190909_123133_763972/game.tw-pddl,cool some lettuce and put it in countertop.,cool some lettuce and put it in countertop,1,1,1,1.0
json_2.1.1/valid_unseen/pick_cool_then_place_in_recep-Tomato-None-Microwave-10/trial_T20190909_102644_926781/game.tw-pddl,put a cool tomato in microwave.,put a cool tomato in microwave,1,1,1,1.0
json_2.1.1/valid_unseen/pick_clean_then_place_in_recep-Mug-None-CoffeeMachine-10/trial_T20190907_221208_560499/game.tw-pddl,put a clean mug in coffeemachine.,put a clean mug in coffeemachine,1,1,1,1.0
json_2.1.1/valid_unseen/pick_and_place_simple-SaltShaker-None-Drawer-10/trial_T20190909_021728_339782/game.tw-pddl,put some saltshaker on drawer.,put some saltshaker on drawer,0,0,0,0.0
json_2.1.1/valid_unseen/look_at_obj_in_light-CD-None-DeskLamp-308/trial_T20190908_141942_810052/game.tw-pddl,look at cd under the desklamp.,look at cd under the desklamp,1,1,1,1.0
json_2.1.1/valid_unseen/pick_heat_then_place_in_recep-Apple-None-GarbageCan-10/trial_T20190908_145356_918528/game.tw-pddl,heat some apple and put it in garbagecan.,heat some apple and put it in garbagecan,0,0,0,0.0
json_2.1.1/valid_unseen/pick_heat_then_place_in_recep-Egg-None-GarbageCan-10/trial_T20190908_113523_123938/game.tw-pddl,heat some egg and put it in garbagecan.,heat some egg and put it in garbagecan,1,1,1,1.0
json_2.1.1/valid_unseen/look_at_obj_in_light-Bowl-None-DeskLamp-308/trial_T20190907_133935_066606/game.tw-pddl,look at bowl under the desklamp.,look at bowl under the desklamp,1,1,1,1.0
json_2.1.1/valid_unseen/pick_cool_then_place_in_recep-Tomato-None-Microwave-10/trial_T20190909_102710_795182/game.tw-pddl,put a cool tomato in microwave.,put a cool tomato in microwave,1,1,1,1.0
json_2.1.1/valid_unseen/pick_heat_then_place_in_recep-Mug-None-CoffeeMachine-10/trial_T20190907_171933_349922/game.tw-pddl,put a hot mug in coffeemachine.,put a hot mug in coffeemachine,0,0,0,0.0
json_2.1.1/valid_unseen/pick_clean_then_place_in_recep-Egg-None-Microwave-10/trial_T20190909_120554_888709/game.tw-pddl,clean some egg and put it in microwave.,clean some egg and put it in microwave,1,1,1,1.0
json_2.1.1/valid_unseen/pick_and_place_simple-Watch-None-Safe-219/trial_T20190907_074524_006355/game.tw-pddl,put some watch on safe.,put some watch on safe,1,1,1,1.0
json_2.1.1/valid_unseen/pick_clean_then_place_in_recep-Egg-None-Microwave-10/trial_T20190909_120632_691361/game.tw-pddl,put a clean egg in microwave.,put a clean egg in microwave,0,0,0,0.0
json_2.1.1/valid_unseen/pick_clean_then_place_in_recep-SoapBar-None-Cabinet-424/trial_T20190908_214946_567644/game.tw-pddl,clean some soapbar and put it in cabinet.,clean some soapbar and put it in cabinet,1,1,1,1.0
json_2.1.1/valid_unseen/pick_clean_then_place_in_recep-Knife-None-CounterTop-10/trial_T20190909_110347_624008/game.tw-pddl,clean some knife and put it in countertop.,clean some knife and put it in countertop,1,1,1,1.0
json_2.1.1/valid_unseen/pick_heat_then_place_in_recep-Mug-None-Cabinet-10/trial_T20190909_021247_306737/game.tw-pddl,put a hot mug in cabinet.,put a hot mug in cabinet,0,0,1,0.3333333333333333
json_2.1.1/valid_unseen/pick_heat_then_place_in_recep-Apple-None-Fridge-10/trial_T20190906_182435_622538/game.tw-pddl,heat some apple and put it in fridge.,heat some apple and put it in fridge,1,1,1,1.0
json_2.1.1/valid_unseen/pick_clean_then_place_in_recep-Egg-None-Microwave-10/trial_T20190909_120712_273910/game.tw-pddl,put a clean egg in microwave.,put a clean egg in microwave,1,1,1,1.0
json_2.1.1/valid_unseen/pick_clean_then_place_in_recep-Mug-None-CoffeeMachine-10/trial_T20190907_221300_362511/game.tw-pddl,put a clean mug in coffeemachine.,put a clean mug in coffeemachine,1,1,1,1.0
json_2.1.1/valid_unseen/pick_and_place_simple-Mug-None-Desk-308/trial_T20190908_125200_737896/game.tw-pddl,put a mug in desk.,put a mug in desk,1,1,1,1.0
json_2.1.1/valid_unseen/pick_two_obj_and_place-SoapBar-None-GarbageCan-424/trial_T20190909_064309_357168/game.tw-pddl,put two soapbar in garbagecan.,put two soapbar in garbagecan,0,0,0,0.0
json_2.1.1/valid_unseen/pick_two_obj_and_place-Pillow-None-Sofa-219/trial_T20190907_163327_486300/game.tw-pddl,put two pillow in sofa.,put two pillow in sofa,0,0,0,0.0
json_2.1.1/valid_unseen/pick_clean_then_place_in_recep-Cloth-None-CounterTop-424/trial_T20190908_100632_546757/game.tw-pddl,put a clean cloth in countertop.,put a clean cloth in countertop,1,1,1,1.0
json_2.1.1/valid_unseen/pick_heat_then_place_in_recep-Mug-None-CoffeeMachine-10/trial_T20190907_171850_960211/game.tw-pddl,heat some mug and put it in coffeemachine.,heat some mug and put it in coffeemachine,1,1,1,1.0
json_2.1.1/valid_unseen/pick_cool_then_place_in_recep-Mug-None-Cabinet-10/trial_T20190909_121635_622676/game.tw-pddl,cool some mug and put it in cabinet.,cool some mug and put it in cabinet,1,1,1,1.0
json_2.1.1/valid_unseen/look_at_obj_in_light-AlarmClock-None-DeskLamp-308/trial_T20190908_222951_616606/game.tw-pddl,look at alarmclock under the desklamp.,look at alarmclock under the desklamp,1,1,1,1.0
json_2.1.1/valid_unseen/pick_two_obj_and_place-PepperShaker-None-Drawer-10/trial_T20190912_221141_608117/game.tw-pddl,find two peppershaker and put them in drawer.,find two peppershaker and put them in drawer,0,0,0,0.0
json_2.1.1/valid_unseen/pick_heat_then_place_in_recep-Potato-None-GarbageCan-10/trial_T20190907_161745_664033/game.tw-pddl,heat some potato and put it in garbagecan.,heat some potato and put it in garbagecan,0,0,1,0.3333333333333333
json_2.1.1/valid_unseen/pick_heat_then_place_in_recep-Apple-None-GarbageCan-10/trial_T20190908_145143_820541/game.tw-pddl,heat some apple and put it in garbagecan.,heat some apple and put it in garbagecan,0,0,0,0.0
json_2.1.1/valid_unseen/look_at_obj_in_light-Mug-None-DeskLamp-308/trial_T20190908_201444_037645/game.tw-pddl,examine the mug with the desklamp.,examine the mug with the desklamp,1,1,1,1.0
json_2.1.1/valid_unseen/pick_clean_then_place_in_recep-Plate-None-CounterTop-10/trial_T20190908_213533_897289/game.tw-pddl,clean some plate and put it in countertop.,clean some plate and put it in countertop,1,1,1,1.0
json_2.1.1/valid_unseen/pick_clean_then_place_in_recep-Pan-None-CounterTop-10/trial_T20190908_032543_712058/game.tw-pddl,put a clean pan in countertop.,put a clean pan in countertop,0,0,0,0.0
json_2.1.1/valid_unseen/pick_clean_then_place_in_recep-Spatula-None-Drawer-10/trial_T20190907_080825_222432/game.tw-pddl,clean some spatula and put it in drawer.,clean some spatula and put it in drawer,1,1,1,1.0
json_2.1.1/valid_unseen/pick_two_obj_and_place-SoapBar-None-GarbageCan-424/trial_T20190909_064053_839817/game.tw-pddl,put two soapbar in garbagecan.,put two soapbar in garbagecan,0,0,0,0.0
json_2.1.1/valid_unseen/pick_cool_then_place_in_recep-Bread-None-CounterTop-10/trial_T20190908_091811_414150/game.tw-pddl,cool some bread and put it in countertop.,cool some bread and put it in countertop,1,1,1,1.0
json_2.1.1/valid_unseen/pick_cool_then_place_in_recep-Mug-None-Cabinet-10/trial_T20190909_121559_082363/game.tw-pddl,put a cool mug in cabinet.,put a cool mug in cabinet,0,0,0,0.0
json_2.1.1/valid_unseen/pick_and_place_simple-SoapBottle-None-Toilet-424/trial_T20190907_004351_281384/game.tw-pddl,put a soapbottle in toilet.,put a soapbottle in toilet,1,1,1,1.0
json_2.1.1/valid_unseen/pick_cool_then_place_in_recep-Mug-None-Cabinet-10/trial_T20190909_121710_650938/game.tw-pddl,cool some mug and put it in cabinet.,cool some mug and put it in cabinet,1,1,1,1.0
json_2.1.1/valid_unseen/pick_clean_then_place_in_recep-Plate-None-CounterTop-10/trial_T20190908_213356_017769/game.tw-pddl,put a clean plate in countertop.,put a clean plate in countertop,1,1,1,1.0
json_2.1.1/valid_unseen/pick_and_place_simple-Vase-None-Safe-219/trial_T20190908_205246_776817/game.tw-pddl,put a vase in safe.,put a vase in safe,1,0,0,0.3333333333333333
json_2.1.1/valid_unseen/pick_two_obj_and_place-CD-None-Safe-308/trial_T20190907_051056_585414/game.tw-pddl,put two cd in safe.,put two cd in safe,0,0,0,0.0
json_2.1.1/valid_unseen/pick_and_place_simple-Watch-None-Safe-219/trial_T20190907_074643_810052/game.tw-pddl,put some watch on safe.,put some watch on safe,1,1,1,1.0
json_2.1.1/valid_unseen/pick_heat_then_place_in_recep-Mug-None-CoffeeMachine-10/trial_T20190907_171806_406231/game.tw-pddl,heat some mug and put it in coffeemachine.,heat some mug and put it in coffeemachine,0,0,0,0.0
json_2.1.1/valid_unseen/pick_cool_then_place_in_recep-Pan-None-CounterTop-10/trial_T20190908_114545_244903/game.tw-pddl,cool some pan and put it in countertop.,cool some pan and put it in countertop,1,1,1,1.0
json_2.1.1/valid_unseen/look_at_obj_in_light-Pencil-None-DeskLamp-308/trial_T20190908_220656_510400/game.tw-pddl,examine the pencil with the desklamp.,examine the pencil with the desklamp,1,1,0,0.6666666666666666
json_2.1.1/valid_unseen/pick_clean_then_place_in_recep-Bowl-None-Cabinet-10/trial_T20190909_061130_844814/game.tw-pddl,clean some bowl and put it in cabinet.,clean some bowl and put it in cabinet,1,0,1,0.6666666666666666
json_2.1.1/valid_unseen/pick_cool_then_place_in_recep-Potato-None-Microwave-10/trial_T20190907_033306_962974/game.tw-pddl,cool some potato and put it in microwave.,cool some potato and put it in microwave,1,1,0,0.6666666666666666
json_2.1.1/valid_unseen/pick_and_place_simple-Pencil-None-Shelf-308/trial_T20190908_122024_052056/game.tw-pddl,put a pencil in shelf.,put a pencil in shelf,1,1,1,1.0
json_2.1.1/valid_unseen/pick_clean_then_place_in_recep-Pan-None-CounterTop-10/trial_T20190908_032518_891433/game.tw-pddl,clean some pan and put it in countertop.,clean some pan and put it in countertop,0,0,0,0.0
json_2.1.1/valid_unseen/pick_clean_then_place_in_recep-SoapBar-None-CounterTop-424/trial_T20190907_074045_109439/game.tw-pddl,put a clean soapbar in countertop.,put a clean soapbar in countertop,0,0,0,0.0
json_2.1.1/valid_unseen/pick_and_place_simple-Pencil-None-Shelf-308/trial_T20190908_122154_042763/game.tw-pddl,put a pencil in shelf.,put a pencil in shelf,1,1,1,1.0
json_2.1.1/valid_unseen/pick_heat_then_place_in_recep-Egg-None-GarbageCan-10/trial_T20190908_113610_425142/game.tw-pddl,heat some egg and put it in garbagecan.,heat some egg and put it in garbagecan,1,1,1,1.0
json_2.1.1/valid_unseen/pick_and_place_simple-Watch-None-Safe-219/trial_T20190907_074556_124850/game.tw-pddl,put some watch on safe.,put some watch on safe,1,1,1,1.0
json_2.1.1/valid_unseen/pick_clean_then_place_in_recep-SoapBar-None-Cabinet-424/trial_T20190908_215019_162873/game.tw-pddl,clean some soapbar and put it in cabinet.,clean some soapbar and put it in cabinet,0,0,0,0.0
json_2.1.1/valid_unseen/pick_two_obj_and_place-Pillow-None-Sofa-219/trial_T20190907_163240_345855/game.tw-pddl,find two pillow and put them in sofa.,find two pillow and put them in sofa,1,0,0,0.3333333333333333
json_2.1.1/valid_unseen/pick_cool_then_place_in_recep-Lettuce-None-CounterTop-10/trial_T20190909_174840_771703/game.tw-pddl,cool some lettuce and put it in countertop.,cool some lettuce and put it in countertop,1,1,1,1.0
json_2.1.1/valid_unseen/pick_cool_then_place_in_recep-Pan-None-CounterTop-10/trial_T20190908_114656_768805/game.tw-pddl,cool some pan and put it in countertop.,cool some pan and put it in countertop,1,1,1,1.0
json_2.1.1/valid_unseen/pick_heat_then_place_in_recep-Mug-None-Cabinet-10/trial_T20190909_021100_341887/game.tw-pddl,put a hot mug in cabinet.,put a hot mug in cabinet,0,0,0,0.0
json_2.1.1/valid_unseen/pick_cool_then_place_in_recep-Mug-None-CoffeeMachine-10/trial_T20190907_183853_958104/game.tw-pddl,put a cool mug in coffeemachine.,put a cool mug in coffeemachine,1,1,1,1.0
json_2.1.1/valid_unseen/pick_heat_then_place_in_recep-Cup-None-Cabinet-10/trial_T20190907_083507_594820/game.tw-pddl,put a hot cup in cabinet.,put a hot cup in cabinet,1,1,1,1.0
json_2.1.1/valid_unseen/pick_heat_then_place_in_recep-Tomato-None-GarbageCan-10/trial_T20190908_225359_617900/game.tw-pddl,heat some tomato and put it in garbagecan.,heat some tomato and put it in garbagecan,0,0,0,0.0
json_2.1.1/valid_unseen/pick_cool_then_place_in_recep-Mug-None-CoffeeMachine-10/trial_T20190907_183715_299073/game.tw-pddl,cool some mug and put it in coffeemachine.,cool some mug and put it in coffeemachine,1,1,1,1.0
json_2.1.1/valid_unseen/look_at_obj_in_light-Bowl-None-DeskLamp-308/trial_T20190907_133953_562557/game.tw-pddl,examine the bowl with the desklamp.,examine the bowl with the desklamp,0,0,0,0.0
json_2.1.1/valid_unseen/pick_and_place_simple-PepperShaker-None-Drawer-10/trial_T20190906_184021_215264/game.tw-pddl,put some peppershaker on drawer.,put some peppershaker on drawer,1,1,1,1.0
json_2.1.1/valid_unseen/pick_cool_then_place_in_recep-Bread-None-CounterTop-10/trial_T20190908_091747_866951/game.tw-pddl,put a cool bread in countertop.,put a cool bread in countertop,1,1,0,0.6666666666666666
json_2.1.1/valid_unseen/pick_clean_then_place_in_recep-Cloth-None-Cabinet-424/trial_T20190908_022436_073995/game.tw-pddl,clean some cloth and put it in cabinet.,clean some cloth and put it in cabinet,0,0,0,0.0
json_2.1.1/valid_unseen/pick_and_place_simple-Vase-None-Safe-219/trial_T20190908_205221_748352/game.tw-pddl,put some vase on safe.,put some vase on safe,1,1,1,1.0
json_2.1.1/valid_unseen/pick_two_obj_and_place-SoapBar-None-GarbageCan-424/trial_T20190909_064221_368939/game.tw-pddl,put two soapbar in garbagecan.,put two soapbar in garbagecan,0,0,0,0.0
json_2.1.1/valid_unseen/look_at_obj_in_light-CD-None-DeskLamp-308/trial_T20190908_141958_463362/game.tw-pddl,examine the cd with the desklamp.,examine the cd with the desklamp,1,1,1,1.0
json_2.1.1/valid_unseen/pick_cool_then_place_in_recep-Potato-None-Microwave-10/trial_T20190907_033157_424297/game.tw-pddl,cool some potato and put it in microwave.,cool some potato and put it in microwave,0,0,0,0.0
json_2.1.1/valid_unseen/look_at_obj_in_light-Pencil-None-DeskLamp-308/trial_T20190908_220545_153480/game.tw-pddl,look at pencil under the desklamp.,look at pencil under the desklamp,0,0,0,0.0
json_2.1.1/valid_unseen/pick_clean_then_place_in_recep-SoapBar-None-CounterTop-424/trial_T20190907_074106_050405/game.tw-pddl,put a clean soapbar in countertop.,put a clean soapbar in countertop,0,0,0,0.0
json_2.1.1/valid_unseen/pick_clean_then_place_in_recep-Pan-None-CounterTop-10/trial_T20190908_032434_013084/game.tw-pddl,clean some pan and put it in countertop.,clean some pan and put it in countertop,0,0,0,0.0
json_2.1.1/valid_unseen/look_at_obj_in_light-Book-None-DeskLamp-308/trial_T20190908_144951_587345/game.tw-pddl,examine the book with the desklamp.,examine the book with the desklamp,0,0,0,0.0
json_2.1.1/valid_unseen/pick_and_place_simple-SoapBottle-None-Toilet-424/trial_T20190907_004321_405868/game.tw-pddl,put some soapbottle on toilet.,put some soapbottle on toilet,1,1,1,1.0
json_2.1.1/valid_unseen/pick_heat_then_place_in_recep-Potato-None-GarbageCan-10/trial_T20190907_161853_945788/game.tw-pddl,put a hot potato in garbagecan.,put a hot potato in garbagecan,0,0,0,0.0
json_2.1.1/valid_unseen/pick_clean_then_place_in_recep-Bowl-None-Cabinet-10/trial_T20190909_061232_368489/game.tw-pddl,clean some bowl and put it in cabinet.,clean some bowl and put it in cabinet,0,1,1,0.6666666666666666
json_2.1.1/valid_unseen/pick_clean_then_place_in_recep-Cloth-None-Cabinet-424/trial_T20190908_022321_380927/game.tw-pddl,clean some cloth and put it in cabinet.,clean some cloth and put it in cabinet,0,0,1,0.3333333333333333
json_2.1.1/valid_unseen/look_at_obj_in_light-Mug-None-DeskLamp-308/trial_T20190908_161733_213242/game.tw-pddl,look at mug under the desklamp.,look at mug under the desklamp,1,1,0,0.6666666666666666
json_2.1.1/valid_unseen/pick_clean_then_place_in_recep-Cloth-None-CounterTop-424/trial_T20190908_114340_674467/game.tw-pddl,clean some cloth and put it in countertop.,clean some cloth and put it in countertop,1,1,1,1.0
json_2.1.1/valid_unseen/pick_two_obj_and_place-CD-None-Safe-308/trial_T20190907_050942_897916/game.tw-pddl,put two cd in safe.,put two cd in safe,0,0,0,0.0
json_2.1.1/valid_unseen/look_at_obj_in_light-Mug-None-DeskLamp-308/trial_T20190908_201421_021646/game.tw-pddl,examine the mug with the desklamp.,examine the mug with the desklamp,0,0,0,0.0
json_2.1.1/valid_unseen/pick_heat_then_place_in_recep-Apple-None-Fridge-10/trial_T20190906_182353_418140/game.tw-pddl,put a hot apple in fridge.,put a hot apple in fridge,1,1,1,1.0
json_2.1.1/valid_unseen/pick_heat_then_place_in_recep-Tomato-None-GarbageCan-10/trial_T20190908_225453_272533/game.tw-pddl,put a hot tomato in garbagecan.,put a hot tomato in garbagecan,0,0,0,0.0
json_2.1.1/valid_unseen/pick_and_place_simple-Mug-None-Desk-308/trial_T20190909_203041_433487/game.tw-pddl,put some mug on desk.,put some mug on desk,1,0,1,0.6666666666666666
json_2.1.1/valid_unseen/pick_heat_then_place_in_recep-Cup-None-Cabinet-10/trial_T20190907_083429_887065/game.tw-pddl,put a hot cup in cabinet.,put a hot cup in cabinet,0,0,0,0.0
json_2.1.1/valid_unseen/pick_clean_then_place_in_recep-Bowl-None-Cabinet-10/trial_T20190909_061158_110530/game.tw-pddl,put a clean bowl in cabinet.,put a clean bowl in cabinet,0,0,0,0.0
json_2.1.1/valid_unseen/pick_two_obj_and_place-KeyChain-None-Safe-219/trial_T20190909_011803_423115/game.tw-pddl,put two keychain in safe.,put two keychain in safe,0,0,0,0.0
json_2.1.1/valid_unseen/pick_heat_then_place_in_recep-Mug-None-Cabinet-10/trial_T20190909_021200_669381/game.tw-pddl,heat some mug and put it in cabinet.,heat some mug and put it in cabinet,1,1,1,1.0
json_2.1.1/valid_unseen/pick_and_place_simple-Mug-None-Desk-308/trial_T20190909_210238_431966/game.tw-pddl,put a mug in desk.,put a mug in desk,1,1,1,1.0
json_2.1.1/valid_unseen/pick_heat_then_place_in_recep-Apple-None-GarbageCan-10/trial_T20190908_145050_918567/game.tw-pddl,heat some apple and put it in garbagecan.,heat some apple and put it in garbagecan,1,1,1,1.0
json_2.1.1/valid_unseen/look_at_obj_in_light-AlarmClock-None-DeskLamp-308/trial_T20190908_222917_366542/game.tw-pddl,examine the alarmclock with the desklamp.,examine the alarmclock with the desklamp,1,1,1,1.0
json_2.1.1/valid_unseen/pick_two_obj_and_place-SoapBar-None-Cabinet-424/trial_T20190909_081720_491733/game.tw-pddl,find two soapbar and put them in cabinet.,find two soapbar and put them in cabinet,0,0,0,0.0
json_2.1.1/valid_unseen/pick_two_obj_and_place-KeyChain-None-Safe-219/trial_T20190909_012027_782483/game.tw-pddl,put two keychain in safe.,put two keychain in safe,0,0,0,0.0
json_2.1.1/valid_unseen/pick_two_obj_and_place-SoapBar-None-Cabinet-424/trial_T20190909_081746_857594/game.tw-pddl,find two soapbar and put them in cabinet.,find two soapbar and put them in cabinet,0,0,0,0.0
json_2.1.1/valid_unseen/pick_two_obj_and_place-ToiletPaper-None-Cabinet-424/trial_T20190906_202926_527010/game.tw-pddl,find two toiletpaper and put them in cabinet.,find two toiletpaper and put them in cabinet,0,0,0,0.0
json_2.1.1/valid_unseen/pick_clean_then_place_in_recep-Knife-None-CounterTop-10/trial_T20190909_110445_675754/game.tw-pddl,put a clean knife in countertop.,put a clean knife in countertop,1,1,1,1.0
json_2.1.1/valid_unseen/pick_two_obj_and_place-PepperShaker-None-Drawer-10/trial_T20190912_221016_460197/game.tw-pddl,put two peppershaker in drawer.,put two peppershaker in drawer,0,0,0,0.0
json_2.1.1/valid_unseen/pick_cool_then_place_in_recep-Potato-None-Microwave-10/trial_T20190907_033228_194678/game.tw-pddl,cool some potato and put it in microwave.,cool some potato and put it in microwave,0,0,0,0.0
json_2.1.1/valid_unseen/pick_cool_then_place_in_recep-Mug-None-CoffeeMachine-10/trial_T20190907_183807_477267/game.tw-pddl,cool some mug and put it in coffeemachine.,cool some mug and put it in coffeemachine,1,1,1,1.0
json_2.1.1/valid_unseen/pick_cool_then_place_in_recep-Tomato-None-Microwave-10/trial_T20190909_102608_318800/game.tw-pddl,put a cool tomato in microwave.,put a cool tomato in microwave,0,0,0,0.0
json_2.1.1/valid_unseen/pick_and_place_simple-PepperShaker-None-Drawer-10/trial_T20190918_154326_823501/game.tw-pddl,put a peppershaker in drawer.,put a peppershaker in drawer,0,1,1,0.6666666666666666
json_2.1.1/valid_unseen/pick_clean_then_place_in_recep-Spatula-None-Drawer-10/trial_T20190907_080800_275989/game.tw-pddl,clean some spatula and put it in drawer.,clean some spatula and put it in drawer,1,1,1,1.0
json_2.1.1/valid_unseen/pick_two_obj_and_place-CD-None-Safe-308/trial_T20190907_051013_060265/game.tw-pddl,find two cd and put them in safe.,find two cd and put them in safe,0,0,0,0.0
json_2.1.1/valid_unseen/pick_cool_then_place_in_recep-Lettuce-None-CounterTop-10/trial_T20190909_174807_646433/game.tw-pddl,put a cool lettuce in countertop.,put a cool lettuce in countertop,1,1,1,1.0
json_2.1.1/valid_unseen/pick_clean_then_place_in_recep-SoapBar-None-Cabinet-424/trial_T20190908_214926_337906/game.tw-pddl,clean some soapbar and put it in cabinet.,clean some soapbar and put it in cabinet,1,1,1,1.0
json_2.1.1/valid_unseen/pick_and_place_simple-SaltShaker-None-Cabinet-10/trial_T20190906_191501_563086/game.tw-pddl,put some saltshaker on cabinet.,put some saltshaker on cabinet,1,1,1,1.0
json_2.1.1/valid_unseen/pick_and_place_simple-SaltShaker-None-Cabinet-10/trial_T20190906_191429_743650/game.tw-pddl,put some saltshaker on cabinet.,put some saltshaker on cabinet,1,1,1,1.0
json_2.1.1/valid_unseen/pick_two_obj_and_place-PepperShaker-None-Drawer-10/trial_T20190908_010306_215435/game.tw-pddl,put two peppershaker in drawer.,put two peppershaker in drawer,0,0,0,0.0
json_2.1.1/valid_unseen/look_at_obj_in_light-Book-None-DeskLamp-308/trial_T20190908_020029_636862/game.tw-pddl,examine the book with the desklamp.,examine the book with the desklamp,0,0,0,0.0
json_2.1.1/valid_unseen/look_at_obj_in_light-Book-None-DeskLamp-308/trial_T20190908_020048_814402/game.tw-pddl,examine the book with the desklamp.,examine the book with the desklamp,0,0,0,0.0
json_2.1.1/valid_unseen/pick_clean_then_place_in_recep-Knife-None-CounterTop-10/trial_T20190909_110531_148235/game.tw-pddl,put a clean knife in countertop.,put a clean knife in countertop,0,0,0,0.0
json_2.1.1/valid_unseen/pick_cool_then_place_in_recep-Bread-None-CounterTop-10/trial_T20190908_091835_825830/game.tw-pddl,cool some bread and put it in countertop.,cool some bread and put it in countertop,1,1,1,1.0
json_2.1.1/valid_unseen/look_at_obj_in_light-CD-None-DeskLamp-308/trial_T20190908_142046_281296/game.tw-pddl,examine the cd with the desklamp.,examine the cd with the desklamp,1,1,1,1.0
json_2.1.1/valid_unseen/pick_clean_then_place_in_recep-SoapBar-None-CounterTop-424/trial_T20190907_074124_966890/game.tw-pddl,clean some soapbar and put it in countertop.,clean some soapbar and put it in countertop,0,0,0,0.0
json_2.1.1/valid_unseen/pick_heat_then_place_in_recep-Tomato-None-GarbageCan-10/trial_T20190908_225046_020282/game.tw-pddl,put a hot tomato in garbagecan.,put a hot tomato in garbagecan,0,0,0,0.0
json_2.1.1/valid_unseen/pick_heat_then_place_in_recep-Apple-None-Fridge-10/trial_T20190906_182259_116320/game.tw-pddl,heat some apple and put it in fridge.,heat some apple and put it in fridge,1,1,1,1.0
json_2.1.1/valid_unseen/pick_cool_then_place_in_recep-Pan-None-CounterTop-10/trial_T20190908_114622_738670/game.tw-pddl,put a cool pan in countertop.,put a cool pan in countertop,1,1,1,1.0
json_2.1.1/valid_unseen/pick_and_place_simple-PepperShaker-None-Drawer-10/trial_T20190918_154424_844749/game.tw-pddl,put some peppershaker on drawer.,put some peppershaker on drawer,1,1,1,1.0
json_2.1.1/valid_unseen/pick_and_place_simple-SoapBottle-None-Toilet-424/trial_T20190907_004404_604165/game.tw-pddl,put a soapbottle in toilet.,put a soapbottle in toilet,1,1,1,1.0
json_2.1.1/valid_unseen/pick_clean_then_place_in_recep-Mug-None-CoffeeMachine-10/trial_T20190907_221355_558505/game.tw-pddl,put a clean mug in coffeemachine.,put a clean mug in coffeemachine,1,1,1,1.0
json_2.1.1/valid_unseen/pick_clean_then_place_in_recep-Plate-None-CounterTop-10/trial_T20190908_213420_728917/game.tw-pddl,put a clean plate in countertop.,put a clean plate in countertop,1,1,1,1.0
json_2.1.1/valid_unseen/pick_clean_then_place_in_recep-Spatula-None-Drawer-10/trial_T20190907_080730_211959/game.tw-pddl,put a clean spatula in drawer.,put a clean spatula in drawer,1,1,1,1.0
json_2.1.1/valid_unseen/look_at_obj_in_light-Bowl-None-DeskLamp-308/trial_T20190907_133919_856963/game.tw-pddl,look at bowl under the desklamp.,look at bowl under the desklamp,1,1,0,0.6666666666666666
json_2.1.1/valid_unseen/pick_and_place_simple-SaltShaker-None-Cabinet-10/trial_T20190906_191445_723170/game.tw-pddl,put some saltshaker on cabinet.,put some saltshaker on cabinet,1,1,1,1.0
