sample_id,task_id,run_id,final_success
sample_01,json_2.1.1/valid_unseen/look_at_obj_in_light-CD-None-DeskLamp-308/trial_T20190908_141958_463362/game.tw-pddl,run1,1
sample_02,json_2.1.1/valid_unseen/pick_clean_then_place_in_recep-SoapBar-None-Cabinet-424/trial_T20190908_215019_162873/game.tw-pddl,run3,0
sample_03,json_2.1.1/valid_unseen/pick_cool_then_place_in_recep-Mug-None-CoffeeMachine-10/trial_T20190907_183807_477267/game.tw-pddl,run2,1
sample_04,json_2.1.1/valid_unseen/pick_clean_then_place_in_recep-Cloth-None-CounterTop-424/trial_T20190908_114340_674467/game.tw-pddl,run1,1
sample_05,json_2.1.1/valid_unseen/look_at_obj_in_light-Book-None-DeskLamp-308/trial_T20190908_020029_636862/game.tw-pddl,run2,0
sample_06,json_2.1.1/valid_unseen/pick_two_obj_and_place-SoapBar-None-GarbageCan-424/trial_T20190909_064221_368939/game.tw-pddl,run2,0
sample_07,json_2.1.1/valid_unseen/pick_and_place_simple-SaltShaker-None-Drawer-10/trial_T20190909_021728_339782/game.tw-pddl,run1,0
sample_08,json_2.1.1/valid_unseen/pick_two_obj_and_place-ToiletPaper-None-Cabinet-424/trial_T20190906_202926_527010/game.tw-pddl,run3,0
sample_09,json_2.1.1/valid_unseen/pick_two_obj_and_place-SoapBar-None-GarbageCan-424/trial_T20190909_064053_839817/game.tw-pddl,run2,0
sample_10,json_2.1.1/valid_unseen/pick_and_place_simple-SoapBottle-None-Toilet-424/trial_T20190907_004404_604165/game.tw-pddl,run1,1
sample_11,json_2.1.1/valid_unseen/pick_heat_then_place_in_recep-Cup-None-Cabinet-10/trial_T20190907_083507_594820/game.tw-pddl,run3,1
sample_12,json_2.1.1/valid_unseen/look_at_obj_in_light-Pencil-None-DeskLamp-308/trial_T20190908_220604_010430/game.tw-pddl,run1,0
sample_13,json_2.1.1/valid_unseen/look_at_obj_in_light-Book-None-DeskLamp-308/trial_T20190908_020048_814402/game.tw-pddl,run2,0
sample_14,json_2.1.1/valid_unseen/pick_and_place_simple-PepperShaker-None-Drawer-10/trial_T20190918_154326_823501/game.tw-pddl,run1,0
sample_15,json_2.1.1/valid_unseen/pick_and_place_simple-Vase-None-Safe-219/trial_T20190908_205221_748352/game.tw-pddl,run1,1
sample_16,json_2.1.1/valid_unseen/pick_clean_then_place_in_recep-Bowl-None-Cabinet-10/trial_T20190909_061232_368489/game.tw-pddl,run3,1
sample_17,json_2.1.1/valid_unseen/look_at_obj_in_light-Mug-None-DeskLamp-308/trial_T20190908_201421_021646/game.tw-pddl,run2,0
sample_18,json_2.1.1/valid_unseen/pick_cool_then_place_in_recep-Mug-None-Cabinet-10/trial_T20190909_121635_622676/game.tw-pddl,run1,1
sample_19,json_2.1.1/valid_unseen/pick_heat_then_place_in_recep-Apple-None-Fridge-10/trial_T20190906_182435_622538/game.tw-pddl,run1,1
sample_20,json_2.1.1/valid_unseen/pick_heat_then_place_in_recep-Apple-None-GarbageCan-10/trial_T20190908_145143_820541/game.tw-pddl,run3,0
sample_21,json_2.1.1/valid_unseen/pick_and_place_simple-PepperShaker-None-Drawer-10/trial_T20190918_154326_823501/game.tw-pddl,run3,1
sample_22,json_2.1.1/valid_unseen/pick_and_place_simple-SaltShaker-None-Drawer-10/trial_T20190909_021613_077537/game.tw-pddl,run1,1
sample_23,json_2.1.1/valid_unseen/pick_two_obj_and_place-KeyChain-None-Safe-219/trial_T20190909_012027_782483/game.tw-pddl,run3,0
sample_24,json_2.1.1/valid_unseen/pick_cool_then_place_in_recep-Pan-None-CounterTop-10/trial_T20190908_114545_244903/game.tw-pddl,run1,1
sample_25,json_2.1.1/valid_unseen/pick_heat_then_place_in_recep-Mug-None-Cabinet-10/trial_T20190909_021100_341887/game.tw-pddl,run3,0
sample_26,json_2.1.1/valid_unseen/look_at_obj_in_light-CD-None-DeskLamp-308/trial_T20190908_142046_281296/game.tw-pddl,run3,1
sample_27,json_2.1.1/valid_unseen/pick_two_obj_and_place-SoapBar-None-Cabinet-424/trial_T20190909_081746_857594/game.tw-pddl,run1,0
sample_28,json_2.1.1/valid_unseen/pick_clean_then_place_in_recep-Bowl-None-Cabinet-10/trial_T20190909_061130_844814/game.tw-pddl,run3,1
sample_29,json_2.1.1/valid_unseen/pick_cool_then_place_in_recep-Potato-None-Microwave-10/trial_T20190907_033157_424297/game.tw-pddl,run1,0
sample_30,json_2.1.1/valid_unseen/pick_heat_then_place_in_recep-Cup-None-Cabinet-10/trial_T20190907_083346_800823/game.tw-pddl,run2,1
